{
  "version": 1,
  "author": "Anonymous maker",
  "editor": "wokwi",
  "parts": [
    { "type": "wokwi-arduino-uno", "id": "uno", "top": -37.8, "left": 28.2, "attrs": {} },
    {
      "type": "wokwi-dht22",
      "id": "dht1",
      "top": -230.1,
      "left": -82.2,
      "attrs": { "temperature": "33.6" }
    },
    { "type": "wokwi-lcd1602", "id": "lcd1", "top": 925.03, "left": -320, "attrs": {} },
    { "type": "wokwi-servo", "id": "servo1", "top": 84.4, "left": 374.4, "attrs": {} },
    { "type": "wokwi-pir-motion-sensor", "id": "pir1", "top": -159.2, "left": 2.22, "attrs": {} },
    {
      "type": "wokwi-buzzer",
      "id": "bz1",
      "top": -122.4,
      "left": 337.8,
      "attrs": { "volume": "0.1" }
    },
    {
      "type": "wokwi-led",
      "id": "led1",
      "top": -205.2,
      "left": 128.6,
      "attrs": { "color": "red" }
    },
    {
      "type": "wokwi-led",
      "id": "led2",
      "top": -205.2,
      "left": 195.8,
      "attrs": { "color": "yellow" }
    },
    {
      "type": "wokwi-led",
      "id": "led3",
      "top": -205.2,
      "left": 243.8,
      "attrs": { "color": "green" }
    },
    {
      "type": "wokwi-photoresistor-sensor",
      "id": "ldr1",
      "top": 99.2,
      "left": -296.8,
      "attrs": {}
    },
    {
      "type": "wokwi-resistor",
      "id": "r1",
      "top": -100.8,
      "left": 114.65,
      "rotate": 90,
      "attrs": { "value": "220000" }
    },
    {
      "type": "wokwi-lcd1602",
      "id": "lcd2",
      "top": 246.4,
      "left": -4,
      "attrs": { "pins": "i2c" }
    },
    {
      "type": "wokwi-resistor",
      "id": "r2",
      "top": -100.8,
      "left": 181.85,
      "rotate": 90,
      "attrs": { "value": "220000" }
    },
    {
      "type": "wokwi-resistor",
      "id": "r3",
      "top": -100.8,
      "left": 229.85,
      "rotate": 90,
      "attrs": { "value": "220000" }
    },
    {
      "type": "wokwi-resistor",
      "id": "r4",
      "top": 167.45,
      "left": -97.4,
      "rotate": 180,
      "attrs": { "value": "10000" }
    }
  ],
  "connections": [
    [ "dht1:VCC", "uno:5V", "red", [ "v0" ] ],
    [ "dht1:GND", "uno:GND.2", "black", [ "v0" ] ],
    [ "dht1:SDA", "uno:3", "green", [ "v0" ] ],
    [ "lcd2:VCC", "uno:5V", "red", [ "v0.1", "h-28.8", "v-105.6", "h217" ] ],
    [ "lcd2:GND", "uno:GND.2", "black", [ "h-19.2", "v-48", "h216.9" ] ],
    [ "lcd2:SDA", "uno:A4", "green", [ "h-38.4", "v-76.6", "h312.6" ] ],
    [ "lcd2:SCL", "uno:A5", "black", [ "h-48", "v-66.9", "h331.7" ] ],
    [ "servo1:V+", "uno:5V", "green", [ "h0" ] ],
    [ "servo1:GND", "uno:GND.2", "black", [ "h0" ] ],
    [ "servo1:PWM", "uno:9", "green", [ "h-48", "v-182.2" ] ],
    [ "led1:A", "uno:13", "red", [ "v0" ] ],
    [ "led2:A", "uno:12", "yellow", [ "v0" ] ],
    [ "led3:A", "uno:11", "green", [ "v0" ] ],
    [ "led1:C", "r1:1", "black", [ "v0" ] ],
    [ "r1:2", "uno:GND.1", "black", [ "h0" ] ],
    [ "led2:C", "r2:1", "black", [ "v0" ] ],
    [ "r2:2", "uno:GND.1", "black", [ "v37.2", "h-67.5" ] ],
    [ "led3:C", "r3:1", "black", [ "v0" ] ],
    [ "r3:2", "uno:GND.1", "black", [ "v37.2", "h-115.5" ] ],
    [ "pir1:VCC", "uno:5V", "red", [ "h-48", "v259.3" ] ],
    [ "pir1:GND", "uno:GND.2", "black", [ "h-77.06", "v259.3" ] ],
    [ "pir1:OUT", "uno:8", "green", [ "v0" ] ],
    [ "bz1:1", "uno:10", "black", [ "v9.6", "h-183.1" ] ],
    [ "bz1:2", "uno:GND.2", "red", [ "v0" ] ],
    [ "ldr1:AO", "uno:A0", "green", [ "v66.5", "h361" ] ],
    [ "ldr1:VCC", "uno:5V", "red", [ "h9.6", "v76.8", "h303.4" ] ],
    [ "ldr1:GND", "r4:2", "black", [ "h0" ] ],
    [ "r4:1", "uno:GND.2", "black", [ "h182.4", "v0", "h53.7" ] ]
  ],
  "dependencies": {}
}